cutoff	build	pc	r
1e-05	v2.0.2	1	0.997486
1e-05	v2.0.2	2	0.998582
1e-05	v2.0.2	3	0.995606
1e-05	v2.0.2	4	0.996355
1e-05	v2.0.2	5	0.995853
1e-05	v2.0.2	6	0.997103
1e-05	v2.0.2	7	0.997741
1e-05	v2.0.2	8	0.997686
1e-05	v2.0.2	9	0.997266
1e-05	v2.0.2	10	0.994514
1e-05	v2.0.2	11	0.997114
1e-05	v2.0.2	12	0.996366
1e-05	v2.0.2	13	0.996176
1e-05	v2.0.2	14	0.995344
1e-05	v2.0.2	15	0.996686
1e-05	v2.0.2	16	0.996206
1e-05	v2.0.2	17	0.995479
1e-05	v2.0.2	18	0.995594
1e-05	v2.0.2	19	0.995493
1e-05	v2.0.2	20	0.991015
1e-05	v2.0.2	21	0.989974
1e-05	v2.0.2	22	0.992050
1e-05	v2.0.2	23	0.993978
1e-05	v2.0.2	24	0.995939
1e-05	v2.0.2	25	0.993337
1e-05	v2.0.2	26	0.995981
1e-05	v2.0.2	27	0.995097
1e-05	v2.0.2	28	0.989692
1e-05	v2.0.2	29	0.994367
1e-05	v2.0.2	30	0.996877
1e-05	v2.0.2	31	0.995092
1e-05	v2.0.2	32	0.997127
1e-05	v2.0.2	33	0.997477
1e-05	v2.0.2	34	0.996499
1e-05	v2.0.2	35	0.997126
1e-05	v2.0.2	36	0.995490
1e-05	v2.0.2	37	0.993916
1e-05	v2.0.2	38	0.996255
1e-05	v2.0.2	39	0.992580
1e-05	v2.0.2	40	0.992574
1e-05	v2.0.2	41	0.996374
1e-05	v2.0.2	42	0.994755
1e-05	v2.0.2	43	0.997076
1e-05	v2.0.2	44	0.997075
1e-05	v2.0.2	45	0.997163
1e-05	v2.0.2	46	0.996886
1e-05	v2.0.2	47	0.997854
1e-05	v2.0.2	48	0.997665
1e-05	v2.0.2	49	0.997877
1e-05	v2.0.2	50	0.997087
1e-05	pr56	1	0.997486
1e-05	pr56	2	0.998582
1e-05	pr56	3	0.995606
1e-05	pr56	4	0.996355
1e-05	pr56	5	0.995853
1e-05	pr56	6	0.997103
1e-05	pr56	7	0.997741
1e-05	pr56	8	0.997686
1e-05	pr56	9	0.997266
1e-05	pr56	10	0.994514
1e-05	pr56	11	0.997114
1e-05	pr56	12	0.996366
1e-05	pr56	13	0.996176
1e-05	pr56	14	0.995344
1e-05	pr56	15	0.996686
1e-05	pr56	16	0.996206
1e-05	pr56	17	0.995479
1e-05	pr56	18	0.995594
1e-05	pr56	19	0.995493
1e-05	pr56	20	0.991015
1e-05	pr56	21	0.989974
1e-05	pr56	22	0.992050
1e-05	pr56	23	0.993978
1e-05	pr56	24	0.995939
1e-05	pr56	25	0.993337
1e-05	pr56	26	0.995981
1e-05	pr56	27	0.995097
1e-05	pr56	28	0.989692
1e-05	pr56	29	0.994367
1e-05	pr56	30	0.996877
1e-05	pr56	31	0.995092
1e-05	pr56	32	0.997127
1e-05	pr56	33	0.997477
1e-05	pr56	34	0.996499
1e-05	pr56	35	0.997126
1e-05	pr56	36	0.995490
1e-05	pr56	37	0.993916
1e-05	pr56	38	0.996255
1e-05	pr56	39	0.992580
1e-05	pr56	40	0.992574
1e-05	pr56	41	0.996374
1e-05	pr56	42	0.994755
1e-05	pr56	43	0.997076
1e-05	pr56	44	0.997075
1e-05	pr56	45	0.997163
1e-05	pr56	46	0.996886
1e-05	pr56	47	0.997854
1e-05	pr56	48	0.997665
1e-05	pr56	49	0.997877
1e-05	pr56	50	0.997087
0.01	v2.0.2	1	0.993737
0.01	v2.0.2	2	0.993210
0.01	v2.0.2	3	0.962321
0.01	v2.0.2	4	0.983629
0.01	v2.0.2	5	0.953526
0.01	v2.0.2	6	0.987940
0.01	v2.0.2	7	0.966214
0.01	v2.0.2	8	0.922649
0.01	v2.0.2	9	0.936004
0.01	v2.0.2	10	0.946307
0.01	v2.0.2	11	0.956699
0.01	v2.0.2	12	0.948643
0.01	v2.0.2	13	0.978054
0.01	v2.0.2	14	0.975692
0.01	v2.0.2	15	0.973346
0.01	v2.0.2	16	0.949741
0.01	v2.0.2	17	0.951675
0.01	v2.0.2	18	0.969157
0.01	v2.0.2	19	0.980348
0.01	v2.0.2	20	0.985754
0.01	v2.0.2	21	0.986024
0.01	v2.0.2	22	0.981008
0.01	v2.0.2	23	0.983038
0.01	v2.0.2	24	0.979772
0.01	v2.0.2	25	0.976346
0.01	v2.0.2	26	0.976917
0.01	v2.0.2	27	0.976761
0.01	v2.0.2	28	0.989007
0.01	v2.0.2	29	0.980706
0.01	v2.0.2	30	0.990045
0.01	v2.0.2	31	0.984684
0.01	v2.0.2	32	0.992422
0.01	v2.0.2	33	0.983688
0.01	v2.0.2	34	0.988716
0.01	v2.0.2	35	0.994253
0.01	v2.0.2	36	0.989609
0.01	v2.0.2	37	0.991166
0.01	v2.0.2	38	0.991226
0.01	v2.0.2	39	0.993216
0.01	v2.0.2	40	0.991720
0.01	v2.0.2	41	0.989160
0.01	v2.0.2	42	0.992018
0.01	v2.0.2	43	0.989184
0.01	v2.0.2	44	0.991263
0.01	v2.0.2	45	0.991350
0.01	v2.0.2	46	0.991261
0.01	v2.0.2	47	0.992087
0.01	v2.0.2	48	0.993391
0.01	v2.0.2	49	0.993552
0.01	v2.0.2	50	0.992324
0.01	pr56	1	0.997352
0.01	pr56	2	0.997381
0.01	pr56	3	0.992340
0.01	pr56	4	0.996247
0.01	pr56	5	0.988321
0.01	pr56	6	0.994958
0.01	pr56	7	0.990021
0.01	pr56	8	0.979243
0.01	pr56	9	0.982769
0.01	pr56	10	0.980528
0.01	pr56	11	0.984707
0.01	pr56	12	0.973136
0.01	pr56	13	0.986642
0.01	pr56	14	0.990190
0.01	pr56	15	0.986963
0.01	pr56	16	0.969971
0.01	pr56	17	0.971496
0.01	pr56	18	0.984391
0.01	pr56	19	0.989888
0.01	pr56	20	0.992666
0.01	pr56	21	0.991212
0.01	pr56	22	0.991377
0.01	pr56	23	0.989198
0.01	pr56	24	0.990539
0.01	pr56	25	0.986514
0.01	pr56	26	0.989033
0.01	pr56	27	0.983240
0.01	pr56	28	0.992079
0.01	pr56	29	0.988098
0.01	pr56	30	0.994243
0.01	pr56	31	0.990024
0.01	pr56	32	0.995182
0.01	pr56	33	0.990374
0.01	pr56	34	0.991769
0.01	pr56	35	0.996713
0.01	pr56	36	0.991873
0.01	pr56	37	0.995113
0.01	pr56	38	0.992592
0.01	pr56	39	0.994860
0.01	pr56	40	0.994685
0.01	pr56	41	0.993744
0.01	pr56	42	0.994714
0.01	pr56	43	0.994162
0.01	pr56	44	0.995450
0.01	pr56	45	0.995245
0.01	pr56	46	0.995352
0.01	pr56	47	0.995929
0.01	pr56	48	0.996572
0.01	pr56	49	0.995520
0.01	pr56	50	0.995897
