x	y
6.467685	0.829044
6.464452	0.275305
6.635619	0.716471
6.204234	0.840588
6.473384	0.670798
6.373847	0.830266
6.143076	0.533685
6.220684	0.845907
6.375929	0.494821
6.130748	0.589094
6.366455	0.499877
6.753539	0.968270
5.550664	0.015853
6.312889	0.539595
6.428105	0.647755
7.000673	0.332646
6.250722	1.195397
6.559331	0.865171
6.209811	0.088134
6.415559	0.698956
5.995806	0.377590
6.343708	0.382827
6.334531	0.611203
6.375997	0.514365
6.542134	0.849909
6.461575	0.420783
6.583508	0.432126
6.629069	0.344716
6.638352	0.576539
5.990695	0.572082
6.380243	0.664396
6.070665	0.334040
6.423887	0.442533
6.435972	0.894109
5.869375	0.658875
6.732715	0.576994
6.120766	0.808233
6.441354	0.935018
6.260448	0.138012
6.332318	0.532504
6.596609	0.640648
5.876066	0.307703
6.629148	0.786489
6.173247	0.665937
6.497684	0.723080
6.628193	0.743198
6.335563	0.504904
6.682044	-0.009005
6.322415	0.592458
5.937715	0.766097
0.735537	6.321138
1.031386	6.138268
1.296574	6.177284
0.806348	5.483225
1.456937	6.029016
0.862495	5.980798
0.873498	6.318048
1.079242	5.941647
0.716547	6.203275
0.758904	6.137289
1.388103	5.604999
0.329195	6.122585
1.695292	5.762126
0.693855	6.114213
0.678705	5.910597
0.964629	6.097123
0.809330	6.145770
1.016104	5.684121
0.834973	5.777285
1.071018	5.600361
0.603053	6.499494
1.053109	5.921350
1.084382	5.936148
1.000503	6.065066
1.015646	5.714616
1.319067	5.760391
0.614097	5.792262
0.951900	6.425712
0.578260	6.110428
0.427717	5.937051
1.200791	5.991406
0.880258	6.006974
1.140967	6.261502
1.660806	6.000271
0.753198	6.024611
1.047314	5.970142
0.921913	6.114595
0.567809	6.186410
0.758499	5.710457
1.260389	6.332719
1.078829	6.110753
0.789398	6.798992
1.194999	5.720617
0.835173	5.963615
0.464502	6.112994
0.931343	6.305402
1.219567	5.249019
1.081575	5.452281
1.263812	6.112837
1.233586	5.617984
6.983449	1.139773
6.116797	0.729291
6.232929	0.526680
6.056538	1.177589
6.144166	0.444926
6.586673	0.423178
6.363126	0.364659
6.396190	0.266283
6.303524	0.471683
6.336110	0.634453
6.346989	0.759714
6.339269	0.576451
6.235486	0.375797
6.056880	0.773081
6.092165	0.309994
6.544002	0.738218
6.314886	-0.072029
6.562383	0.695315
6.011206	0.764848
6.225898	0.279590
6.463639	0.480210
6.497015	0.135722
6.978589	0.352953
5.974330	0.803099
6.328479	0.631209
6.334345	0.599524
6.508652	0.309755
6.639850	0.476476
6.174014	0.556861
6.569740	0.548722
6.176164	0.719687
5.908129	0.308187
6.446777	0.125433
6.444626	0.600987
6.704542	0.259314
6.248456	0.717401
5.697652	1.463764
6.226633	0.398495
6.693258	0.521801
5.902400	0.805524
6.691533	0.398767
6.351748	0.763241
6.162286	0.665268
6.496018	0.414966
6.017289	0.466069
6.173602	0.917869
6.478146	0.768376
6.476615	0.696316
6.200020	0.734165
6.971637	0.524540
6.257088	0.486400
6.291844	0.407002
6.476377	0.446476
6.867890	0.617506
6.532094	0.819358
6.346002	1.048466
6.245111	0.291253
6.326348	0.583031
6.014524	0.523223
5.935983	1.035087
6.410621	0.341164
6.163727	0.502117
6.367996	0.220398
6.160289	0.561293
6.278685	0.815515
6.777589	0.622252
6.577000	0.133194
6.627453	0.608271
6.580320	1.013858
5.751972	0.695730
6.105184	0.711410
6.042234	0.468826
6.495740	0.717804
6.458666	0.379597
6.268860	0.799102
6.434578	0.112302
6.688019	0.658626
6.698253	0.516458
6.683367	0.215432
6.607228	0.470332
6.637226	0.835444
6.215431	0.602077
6.446606	0.890650
6.649395	0.251663
6.572202	0.757278
7.073370	0.113701
6.274014	0.933762
6.029707	0.257608
6.590045	0.839274
6.235625	0.779484
1.766006	5.718032
1.868606	5.434598
1.459985	5.206942
1.840051	5.479255
1.904799	5.036884
2.073649	5.368716
1.697425	5.185108
1.810918	4.629029
1.787542	5.332780
1.609404	5.360257
