cutoff	gap_type1	gap_type2
0.000000	0.016257	0.061826
0.005000	0.016257	0.061826
0.010000	0.016257	0.061826
0.015000	0.016257	0.061826
0.020000	0.016257	0.061826
0.025000	0.016257	0.061826
0.030000	0.016257	0.061826
0.035000	0.016257	0.061826
0.040000	0.016257	0.061826
0.045000	0.016257	0.061826
0.050000	0.016257	0.061826
0.055000	0.016257	0.061826
0.060000	0.016257	0.061826
0.065000	0.016257	0.061826
0.070000	0.016257	0.061826
0.075000	0.016257	0.061826
0.080000	0.016257	0.061826
0.085000	0.016257	0.061826
0.090000	0.016257	0.061826
0.095000	0.016257	0.061826
0.100000	0.016257	0.061826
0.105000	0.016257	0.061826
0.110000	0.016257	0.061826
0.115000	0.016257	0.061826
0.120000	0.016257	0.061826
0.125000	0.016257	0.061826
0.130000	0.016257	0.061826
0.135000	0.016257	0.061826
0.140000	0.016257	0.061826
0.145000	0.016257	0.061826
0.150000	0.016257	0.061826
0.155000	0.016257	0.061826
0.160000	0.016257	0.061826
0.165000	0.016257	0.061826
0.170000	0.016257	0.061826
0.175000	0.016257	0.061826
0.180000	0.016257	0.061826
0.185000	0.016257	0.061826
0.190000	0.016257	0.061826
0.195000	0.016257	0.061826
0.200000	0.016259	1.092116
0.205000	0.016259	1.092116
0.210000	0.016259	1.092116
0.215000	0.016259	1.092116
0.220000	0.016259	1.092116
0.225000	0.016259	1.092116
0.230000	0.016259	1.092116
0.235000	0.016259	1.092116
0.240000	0.016259	1.092116
0.245000	0.016259	1.092116
0.250000	0.016259	1.092116
0.255000	0.016259	1.092116
0.260000	0.016259	1.092116
0.265000	0.016259	1.092116
0.270000	0.016259	1.092116
0.275000	0.016259	1.092116
0.280000	0.016259	1.092116
0.285000	0.016259	1.092116
0.290000	0.016259	1.092116
0.295000	0.016259	1.092116
0.300000	0.016259	1.092116
