lab	day	cell_type	x	y
A	1	1	6.103675	1.246485
A	2	1	6.099131	0.609053
A	1	1	6.271607	1.133912
A	2	1	5.838914	1.174335
A	1	1	6.109372	1.088240
A	2	1	6.008527	1.164014
A	1	1	5.779064	0.951127
A	2	1	5.855364	1.179654
A	1	1	6.011917	0.912263
A	2	1	5.765427	0.922842
A	1	1	6.002443	0.917319
A	2	1	6.388219	1.302017
A	1	1	5.186651	0.433296
A	2	1	5.947568	0.873343
A	1	1	6.064093	1.065197
A	2	1	6.635352	0.666394
A	1	1	5.886718	1.612831
A	2	1	6.194011	1.198919
A	1	1	5.845798	0.505577
A	2	1	6.050239	1.032704
A	1	1	5.631794	0.795032
A	2	1	5.978387	0.716575
A	1	1	5.970519	1.028645
A	2	1	6.010676	0.848113
A	1	1	6.178124	1.267350
A	2	1	6.096254	0.754531
A	1	1	6.219496	0.849568
A	2	1	6.263748	0.678464
A	1	1	6.274340	0.993981
A	2	1	5.625375	0.905830
A	1	1	6.016231	1.081837
A	2	1	5.705344	0.667788
A	1	1	6.059875	0.859975
A	2	1	6.070652	1.227856
A	1	1	5.505364	1.076316
A	2	1	6.367394	0.910742
A	1	1	5.756756	1.225673
A	2	1	6.076034	1.268765
A	1	1	5.896435	0.555455
A	2	1	5.966997	0.866252
A	1	1	6.232597	1.058090
A	2	1	5.510745	0.641451
A	1	1	6.265137	1.203930
A	2	1	5.807927	0.999685
A	1	1	6.133672	1.140521
A	2	1	6.262873	1.076946
A	1	1	5.971551	0.922346
A	2	1	6.316723	0.324744
A	1	1	5.958403	1.009900
A	2	1	5.572395	1.099844
A	1	2	0.804616	6.258733
A	2	2	0.962322	6.200746
A	1	2	1.365653	6.114879
A	2	2	0.737284	5.545704
A	1	2	1.526015	5.966612
A	2	2	0.793431	6.043277
A	1	2	0.942577	6.255643
A	2	2	1.010178	6.004125
A	1	2	0.785626	6.140870
A	2	2	0.689840	6.199767
A	1	2	1.457181	5.542594
A	2	2	0.260131	6.185064
A	1	2	1.764369	5.699723
A	2	2	0.624791	6.176691
A	1	2	0.747784	5.848192
A	2	2	0.895565	6.159601
A	1	2	0.878409	6.083365
A	2	2	0.947040	5.746599
A	1	2	0.904052	5.714880
A	2	2	1.001954	5.662840
A	1	2	0.672132	6.437089
A	2	2	0.984045	5.983829
A	1	2	1.153461	5.873743
A	2	2	0.931439	6.127545
A	1	2	1.084725	5.652211
A	2	2	1.250003	5.822870
A	1	2	0.683176	5.729857
A	2	2	0.882836	6.488190
A	1	2	0.647339	6.048023
A	2	2	0.358653	5.999530
A	1	2	1.269870	5.929001
A	2	2	0.811194	6.069453
A	1	2	1.210046	6.199097
A	2	2	1.591742	6.062750
A	1	2	0.822277	5.962206
A	2	2	0.978250	6.032621
A	1	2	0.990992	6.052190
A	2	2	0.498745	6.248889
A	1	2	0.827578	5.648052
A	2	2	1.191325	6.395198
A	1	2	1.147908	6.048348
A	2	2	0.720334	6.861470
A	1	2	1.264078	5.658212
A	2	2	0.766109	6.026094
A	1	2	0.533581	6.050589
A	2	2	0.862279	6.367881
A	1	2	1.288646	5.186614
A	2	2	1.012511	5.514760
A	1	2	1.332891	6.050432
A	2	2	1.164522	5.680463
B	1	1	7.348529	0.806022
B	2	1	6.480569	0.311845
B	1	1	6.598009	0.192929
B	2	1	6.420309	0.760144
B	1	1	6.509246	0.111175
B	2	1	6.950445	0.005732
B	1	1	6.728206	0.030908
B	2	1	6.759962	-0.151163
B	1	1	6.668604	0.137932
B	2	1	6.699882	0.217007
B	1	1	6.712069	0.425963
B	2	1	6.703041	0.159005
B	1	1	6.600566	0.042046
B	2	1	6.420652	0.355635
B	1	1	6.457245	-0.023757
B	2	1	6.907773	0.320772
B	1	1	6.679966	-0.405780
B	2	1	6.926154	0.277869
B	1	1	6.376286	0.431097
B	2	1	6.589670	-0.137856
B	1	1	6.828719	0.146459
B	2	1	6.860787	-0.281724
B	1	1	7.343669	0.019202
B	2	1	6.338102	0.385653
B	1	1	6.693559	0.297458
B	2	1	6.698117	0.182078
B	1	1	6.873732	-0.023996
B	2	1	7.003622	0.059030
B	1	1	6.539094	0.223110
B	2	1	6.933512	0.131276
B	1	1	6.541244	0.385936
B	2	1	6.271901	-0.109259
B	1	1	6.811857	-0.208318
B	2	1	6.808398	0.183541
B	1	1	7.069622	-0.074437
B	2	1	6.612228	0.299955
B	1	1	6.062731	1.130013
B	2	1	6.590405	-0.018951
B	1	1	7.058338	0.188050
B	2	1	6.266171	0.388078
B	1	1	7.056613	0.065016
B	2	1	6.715520	0.345795
B	1	1	6.527366	0.331517
B	2	1	6.859790	-0.002480
B	1	1	6.382369	0.132318
B	2	1	6.537373	0.500423
B	1	1	6.843226	0.434625
B	2	1	6.840387	0.278870
B	1	1	6.565100	0.400414
B	2	1	7.335409	0.107094
B	1	1	6.622168	0.152649
B	2	1	6.655616	-0.010444
B	1	1	6.841458	0.112725
B	2	1	7.231662	0.200060
B	1	1	6.897174	0.485607
B	2	1	6.709773	0.631021
B	1	1	6.610192	-0.042498
B	2	1	6.690120	0.165585
B	1	1	6.379605	0.189472
B	2	1	6.299754	0.617642
B	1	1	6.775701	0.007413
B	2	1	6.527499	0.084671
B	1	1	6.733076	-0.113353
B	2	1	6.524061	0.143847
B	1	1	6.643765	0.481764
B	2	1	7.141361	0.204806
B	1	1	6.942080	-0.200557
B	2	1	6.991225	0.190825
B	1	1	6.945400	0.680107
B	2	1	6.115743	0.278284
B	1	1	6.470264	0.377659
B	2	1	6.406006	0.051380
B	1	1	6.860820	0.384053
B	2	1	6.822438	-0.037849
B	1	1	6.633940	0.465351
B	2	1	6.798350	-0.305144
B	1	1	7.053099	0.324875
B	2	1	7.062025	0.099012
B	1	1	7.048447	-0.118319
B	2	1	6.971000	0.052886
B	1	1	7.002306	0.501693
B	2	1	6.579203	0.184631
B	1	1	6.811686	0.556899
B	2	1	7.013167	-0.165783
B	1	1	6.937282	0.423527
B	2	1	7.437142	-0.303745
B	1	1	6.639094	0.600011
B	2	1	6.393479	-0.159838
B	1	1	6.955125	0.505523
B	2	1	6.599396	0.362038
B	1	2	1.835087	5.655625
B	2	2	1.799544	5.497074
B	1	2	1.529065	5.144536
B	2	2	1.770989	5.541732
B	1	2	1.973884	4.974474
B	2	2	2.004590	5.431189
B	1	2	1.766506	5.122701
B	2	2	1.741859	4.691502
B	1	2	1.856623	5.270373
B	2	2	1.540341	5.422734
